{"cameraMode":{"drawMode":0,"name":"Shaded","section":"Shading Mode"},"sceneLighting":true,"audioPlay":false,"sceneViewState":{"m_AlwaysRefresh":false,"showFog":true,"showSkybox":true,"showFlares":true,"showImageEffects":true,"showParticleSystems":true,"showVisualEffectGraphs":true,"m_FxEnabled":true},"in2DMode":false,"pivot":{"x":3.1604044437408449,"y":2.407665729522705,"z":-0.38132476806640627},"rotation":{"x":0.23217222094535829,"y":0.005829739850014448,"z":-0.0014066280564293266,"w":0.9726821184158325},"size":6.969466209411621,"orthographic":true}