{"cameraMode":{"drawMode":0,"name":"Shaded","section":"Shading Mode"},"sceneLighting":true,"audioPlay":false,"sceneViewState":{"m_AlwaysRefresh":false,"showFog":true,"showSkybox":true,"showFlares":true,"showImageEffects":true,"showParticleSystems":true,"showVisualEffectGraphs":true,"m_FxEnabled":true},"in2DMode":false,"pivot":{"x":-0.18314078450202943,"y":4.0966315269470219,"z":-5.949480056762695},"rotation":{"x":0.27423474192619326,"y":-0.011544951237738133,"z":0.0032860913779586555,"w":0.9616042375564575},"size":4.267810821533203,"orthographic":true}