{"cameraMode":{"drawMode":0,"name":"Shaded","section":"Shading Mode"},"sceneLighting":true,"audioPlay":false,"sceneViewState":{"m_AlwaysRefresh":false,"showFog":true,"showSkybox":true,"showFlares":true,"showImageEffects":true,"showParticleSystems":true,"showVisualEffectGraphs":true,"m_FxEnabled":true},"in2DMode":false,"pivot":{"x":-0.02587103843688965,"y":1.5201973915100098,"z":33.57465744018555},"rotation":{"x":0.30341407656669619,"y":0.027151761576533319,"z":-0.00865117646753788,"w":0.9524478316307068},"size":3.907118320465088,"orthographic":false}